{
    "train_loss": [
        1.3935641384124755,
        1.3741807460784912,
        1.3734064435958862,
        1.3736602532863618,
        1.3734004271030427,
        1.3704909241199494,
        1.3786804151535035,
        1.3784065675735473,
        1.3775980794429779,
        1.3769920349121094,
        1.376774139404297,
        1.373025085926056,
        1.3793959510326386,
        1.3734875226020813,
        1.3744798839092254,
        1.3758870267868042,
        1.374756566286087,
        1.377940058708191,
        1.3725026190280913,
        1.3758733797073364,
        1.3755874311923981,
        1.3747649502754211,
        1.3747011876106263,
        1.3766199254989624,
        1.380880981683731,
        1.3804282248020172,
        1.3777256762981416,
        1.373746761083603,
        1.3753529858589173,
        1.3732412838935852,
        1.3794010007381439,
        1.3746794307231902,
        1.3798050963878632,
        1.3766177606582641,
        1.3806947600841522,
        1.3756841433048248,
        1.3773826897144317,
        1.3767317962646484,
        1.3729790008068086,
        1.3758931386470794,
        1.3766860234737397,
        1.3718820118904114,
        1.3769849288463591,
        1.3729892981052398,
        1.3768927466869354,
        1.3760757422447205,
        1.378015912771225,
        1.377266710996628,
        1.3750381028652192
    ],
    "val_loss": [
        1.4055290392466955,
        1.4035501650401525,
        1.411147219794137,
        1.4083714144570487,
        1.4069859981536865,
        1.4060977697372437,
        1.406557355608259,
        1.4050068514687675,
        1.4016681058066232,
        1.4111687115260534,
        1.4116544042314803,
        1.4079119648252214,
        1.4043690306799752,
        1.4037641457148962,
        1.4065530129841395,
        1.4055830240249634,
        1.4104943445750646,
        1.4076310907091414,
        1.4076932328087943,
        1.3988868338721139,
        1.408652697290693,
        1.4106711319514684,
        1.4093116181237357,
        1.403640593801226,
        1.4045908961977278,
        1.4069019556045532,
        1.4060500689915247,
        1.4036195618765694,
        1.4129774740764074,
        1.404738085610526,
        1.4171380485807146,
        1.411302617618016,
        1.407168643815177,
        1.401477915900094,
        1.4077998570033483,
        1.406287636075701,
        1.4113450050354004,
        1.4040096998214722,
        1.4083376611982072,
        1.4095084496906825,
        1.4090783255440849,
        1.409683210509164,
        1.403494426182338,
        1.4086526121412004,
        1.410858460835048,
        1.41127576146807,
        1.4050256184169225,
        1.409498691558838,
        1.4042296409606934
    ],
    "val_acc": [
        0.08809524295585495,
        0.09523810020514897,
        0.08095238677092961,
        0.08095238517437663,
        0.08095238570656095,
        0.08095238677092961,
        0.08809524135930198,
        0.09523809967296464,
        0.09523809967296464,
        0.08809524455240794,
        0.08809524135930198,
        0.08095238623874527,
        0.08809524295585495,
        0.0952381007373333,
        0.0952381007373333,
        0.09523809967296464,
        0.08095238730311394,
        0.0880952434880393,
        0.0952381007373333,
        0.10238095639007432,
        0.08095238570656095,
        0.08809524242367063,
        0.09523810020514897,
        0.0952381007373333,
        0.08809524455240794,
        0.08809524242367063,
        0.08095238677092961,
        0.09523809914078031,
        0.08095238570656095,
        0.0880952434880393,
        0.08095238623874527,
        0.0880952418914863,
        0.0880952434880393,
        0.10238095692225865,
        0.08809524242367063,
        0.0880952434880393,
        0.08809524242367063,
        0.09523810020514897,
        0.0880952434880393,
        0.0952381007373333,
        0.08809524402022362,
        0.0880952434880393,
        0.10238095639007432,
        0.08809524295585495,
        0.08095238677092961,
        0.08809524295585495,
        0.0880952434880393,
        0.08095238570656095,
        0.0952381007373333
    ],
    "step": [
        100,
        200,
        300,
        400,
        500,
        600,
        700,
        800,
        900,
        1000,
        1100,
        1200,
        1300,
        1400,
        1500,
        1600,
        1700,
        1800,
        1900,
        2000,
        2100,
        2200,
        2300,
        2400,
        2500,
        2600,
        2700,
        2800,
        2900,
        3000,
        3100,
        3200,
        3300,
        3400,
        3500,
        3600,
        3700,
        3800,
        3900,
        4000,
        4100,
        4200,
        4300,
        4400,
        4500,
        4600,
        4700,
        4800,
        4900
    ],
    "best_eval_acc": 0.10238095692225865
}