{
    "train_loss": [
        1.528830450773239,
        1.5103289663791657,
        1.5095994508266448,
        1.515609437227249,
        1.5179872620105743,
        1.5111539411544799,
        1.5145424890518189,
        1.515464835166931,
        1.511453491449356,
        1.5136565637588502,
        1.5111339938640596,
        1.5123503136634826,
        1.5118844509124756,
        1.5123083245754243,
        1.5113661777973175,
        1.5181571304798127,
        1.5165766763687134,
        1.5150608146190643,
        1.514331396818161,
        1.5146851253509521,
        1.516126992702484,
        1.5131773817539216,
        1.5147352504730225,
        1.5149918222427368,
        1.514844424724579,
        1.5169384038448335,
        1.511863387823105,
        1.5142035031318664,
        1.512322064638138,
        1.5127313601970673,
        1.5134482026100158,
        1.51109304189682,
        1.513707605600357,
        1.5145496666431426,
        1.5141379535198212,
        1.5153257584571838,
        1.5112708830833435,
        1.5160945379734039,
        1.5148571264743804,
        1.517422262430191,
        1.5163807797431945,
        1.5128546249866486,
        1.5150780546665192,
        1.5126244580745698,
        1.513002610206604,
        1.5193323016166687,
        1.517148951292038,
        1.5175245761871339,
        1.518476266860962
    ],
    "val_loss": [
        1.4615320478166853,
        1.4639246804373605,
        1.4592235769544328,
        1.4599303007125854,
        1.4607202666146415,
        1.4656954492841447,
        1.462863598551069,
        1.4663010324750627,
        1.4660837820598058,
        1.4613853011812483,
        1.4626377480370658,
        1.460172210420881,
        1.4655120372772217,
        1.4630556617464339,
        1.4607715947287423,
        1.4651503222329276,
        1.458710789680481,
        1.4628576721463884,
        1.4604744740894862,
        1.4621307849884033,
        1.4608358144760132,
        1.4639256852013725,
        1.4638195037841797,
        1.4625537054879325,
        1.4609476498195104,
        1.4583708388464791,
        1.4555612461907523,
        1.4585017817361015,
        1.4572134699140276,
        1.45318717615945,
        1.4608282872608729,
        1.4646552971431188,
        1.4675706454685755,
        1.4610286440168108,
        1.4601231813430786,
        1.4632211583001273,
        1.4615703480584281,
        1.464759247643607,
        1.465168901852199,
        1.4637835025787354,
        1.46076956817082,
        1.465072614806039,
        1.4604945523398263,
        1.4616927589688982,
        1.4594001259122575,
        1.46454998425075,
        1.4640711035047258,
        1.4641568660736084,
        1.4654210465294975
    ],
    "val_acc": [
        0.04761905063475881,
        0.04761905169912747,
        0.04761905063475881,
        0.04761905010257449,
        0.05476190841623715,
        0.04761905063475881,
        0.04761905063475881,
        0.04761905010257449,
        0.05476190735186849,
        0.05476190788405282,
        0.04761905010257449,
        0.04761905063475881,
        0.04761905063475881,
        0.04761905116694314,
        0.05476190735186849,
        0.04761905010257449,
        0.05476190788405282,
        0.05476190788405282,
        0.04761905116694314,
        0.05476190735186849,
        0.05476190788405282,
        0.05476190735186849,
        0.04761905010257449,
        0.05476190735186849,
        0.04761905116694314,
        0.05476190735186849,
        0.0619047646011625,
        0.05476190735186849,
        0.06190476513334683,
        0.0619047646011625,
        0.05476190788405282,
        0.05476190735186849,
        0.04761905063475881,
        0.047619049570390155,
        0.05476190841623715,
        0.05476190841623715,
        0.047619049570390155,
        0.05476190788405282,
        0.05476190841623715,
        0.04761905063475881,
        0.05476190681968417,
        0.04761905063475881,
        0.04761905010257449,
        0.05476190681968417,
        0.05476190735186849,
        0.04761905063475881,
        0.04761905063475881,
        0.04761905063475881,
        0.04761905063475881
    ],
    "step": [
        100,
        200,
        300,
        400,
        500,
        600,
        700,
        800,
        900,
        1000,
        1100,
        1200,
        1300,
        1400,
        1500,
        1600,
        1700,
        1800,
        1900,
        2000,
        2100,
        2200,
        2300,
        2400,
        2500,
        2600,
        2700,
        2800,
        2900,
        3000,
        3100,
        3200,
        3300,
        3400,
        3500,
        3600,
        3700,
        3800,
        3900,
        4000,
        4100,
        4200,
        4300,
        4400,
        4500,
        4600,
        4700,
        4800,
        4900
    ],
    "best_eval_acc": 0.06190476513334683
}