{
    "train_loss": [
        1.2776936817169189,
        1.2708326375484467,
        1.2738895797729493,
        1.2700028097629548,
        1.2682104742527007,
        1.2714000391960143,
        1.264338253736496,
        1.266489280462265,
        1.2700204360485077,
        1.268079741001129,
        1.27372486948967,
        1.271526610851288,
        1.2681881284713745,
        1.2749593651294708,
        1.2670513772964478,
        1.2710931932926177,
        1.274731659889221,
        1.2673625981807708,
        1.273129676580429,
        1.2694659638404846,
        1.269540160894394,
        1.2713197541236878,
        1.2704685413837433,
        1.2709867823123933,
        1.2683323180675508,
        1.2655506551265716,
        1.2723211801052094,
        1.2652542805671692,
        1.2778573286533357,
        1.2709710669517518,
        1.266989185810089,
        1.2741011834144593,
        1.2731180596351623,
        1.2678903889656068,
        1.27180193901062,
        1.2748799109458924,
        1.2727071702480317,
        1.2752989494800568,
        1.2736493933200836,
        1.2668927216529846,
        1.2625869345664977,
        1.2622051060199737,
        1.2676596140861511,
        1.2752268648147582,
        1.2698821067810058,
        1.2706979990005494,
        1.2761242258548737,
        1.2679635763168335,
        1.2674644148349763
    ],
    "val_loss": [
        1.3127812828336443,
        1.3093538965497697,
        1.3108726228986467,
        1.3075108698436193,
        1.315178428377424,
        1.30459691796984,
        1.3041421515601022,
        1.3101064477648054,
        1.3067609752927507,
        1.3077916077205114,
        1.303059765270778,
        1.3079635756356376,
        1.3082337549754552,
        1.3091963529586792,
        1.303953903062003,
        1.3134086983544486,
        1.3126188176018851,
        1.310923491205488,
        1.3070386818477087,
        1.3075966835021973,
        1.306868042264666,
        1.3101764747074671,
        1.3119211026600428,
        1.3160077333450317,
        1.3106705290930611,
        1.3088328668049403,
        1.3127606085368566,
        1.311643191746303,
        1.3097949198314123,
        1.3088908876691545,
        1.3036528655460902,
        1.3089469160352434,
        1.3104509115219116,
        1.3095505237579346,
        1.3045413834708077,
        1.3040392739432198,
        1.310880422592163,
        1.3079169648034232,
        1.3116387639726912,
        1.299237881387983,
        1.3060733420508248,
        1.3041092157363892,
        1.3084207943507604,
        1.312053884778704,
        1.3099085773740495,
        1.3093411752155848,
        1.3082688025065832,
        1.3116569008146013,
        1.3123270954404558
    ],
    "val_acc": [
        0.5023809926850455,
        0.5095238387584686,
        0.5095238430159432,
        0.509523834500994,
        0.49523812532424927,
        0.5238095436777387,
        0.523809552192688,
        0.523809552192688,
        0.509523834500994,
        0.516666693346841,
        0.5238095479352134,
        0.5238095479352134,
        0.5095238302435193,
        0.5095238259860447,
        0.5166666976043156,
        0.48809526222092764,
        0.502380975655147,
        0.5095238302435193,
        0.5309524025235858,
        0.5166666976043156,
        0.5166667061192649,
        0.5095238302435193,
        0.4952381168093,
        0.48809525796345304,
        0.509523834500994,
        0.4952381210667746,
        0.49523812532424927,
        0.5095238387584686,
        0.5023809799126217,
        0.4952381168093,
        0.5380952656269073,
        0.49523811255182537,
        0.516666693346841,
        0.5023809628827232,
        0.5238095436777387,
        0.5238095564501626,
        0.48809526222092764,
        0.502380975655147,
        0.4880952664784023,
        0.5380952656269073,
        0.516666693346841,
        0.5309523982661111,
        0.5238095479352134,
        0.502380975655147,
        0.4952381295817239,
        0.5166666976043156,
        0.5166666976043156,
        0.509523834500994,
        0.48095240550381796
    ],
    "step": [
        100,
        200,
        300,
        400,
        500,
        600,
        700,
        800,
        900,
        1000,
        1100,
        1200,
        1300,
        1400,
        1500,
        1600,
        1700,
        1800,
        1900,
        2000,
        2100,
        2200,
        2300,
        2400,
        2500,
        2600,
        2700,
        2800,
        2900,
        3000,
        3100,
        3200,
        3300,
        3400,
        3500,
        3600,
        3700,
        3800,
        3900,
        4000,
        4100,
        4200,
        4300,
        4400,
        4500,
        4600,
        4700,
        4800,
        4900
    ],
    "best_eval_acc": 0.5380952656269073
}