{
    "train_loss": [
        1.0774168688058854,
        1.0184609174728394,
        0.9248140275478363,
        0.891071046590805,
        0.8710059195756912,
        0.8609245681762695,
        0.8537278497219085,
        0.8516365230083466,
        0.8474947500228882,
        0.8482848626375198,
        0.831185469031334,
        0.828073787689209,
        0.8270146596431732,
        0.8336446648836136,
        0.8261141687631607,
        0.8339325910806656,
        0.8253735488653183,
        0.8162471455335617,
        0.8270392858982086,
        0.8186143922805786,
        0.8216633063554764,
        0.8226011604070663,
        0.8166923779249191,
        0.8127274072170257,
        0.8143815487623215,
        NaN,
        NaN,
        NaN,
        NaN,
        NaN,
        NaN,
        NaN,
        NaN,
        NaN,
        NaN
    ],
    "val_loss": [
        1.052032744884491,
        1.0070701139313833,
        0.913390074457441,
        0.8935018420219422,
        0.8872068047523498,
        0.872456909929003,
        0.8662942375455583,
        0.8650935700961522,
        0.8558366724423,
        0.8609502111162458,
        0.853878368650164,
        0.8511889151164463,
        0.8519826769828797,
        0.849048922743116,
        0.8566874946866717,
        0.8433441196169172,
        0.8425558873585293,
        0.8444554686546326,
        0.8416013274874006,
        0.8400594064167568,
        0.8377752338136946,
        0.8320971999849592,
        0.8397793241909572,
        0.8337137443678719,
        0.8330504315240043,
        NaN,
        NaN,
        NaN,
        NaN,
        NaN,
        NaN,
        NaN,
        NaN,
        NaN,
        NaN
    ],
    "val_acc": [
        0.5457142919301987,
        0.5457142915044512,
        0.5495238236018589,
        0.549523817215647,
        0.541904770902225,
        0.545714288524219,
        0.5438095316290855,
        0.545714293207441,
        0.5457142927816936,
        0.5476190577660288,
        0.5495238167898996,
        0.5476190522313118,
        0.5457142902272089,
        0.5476190558501652,
        0.5419047679219927,
        0.5438095326934542,
        0.547619052869933,
        0.5476190549986703,
        0.5476190513798169,
        0.5495238201958793,
        0.5495238184928894,
        0.5495238214731216,
        0.5438095318419592,
        0.5476190532956805,
        0.5514285819871085,
        0.0,
        0.0,
        0.0,
        0.0,
        0.0,
        0.0,
        0.0,
        0.0,
        0.0,
        0.0
    ],
    "step": [
        100,
        200,
        300,
        400,
        500,
        600,
        700,
        800,
        900,
        1000,
        1100,
        1200,
        1300,
        1400,
        1500,
        1600,
        1700,
        1800,
        1900,
        2000,
        2100,
        2200,
        2300,
        2400,
        2500,
        2600,
        2700,
        2800,
        2900,
        3000,
        3100,
        3200,
        3300,
        3400,
        3500
    ],
    "best_eval_acc": 0.5514285819871085
}