{
    "train_loss": [
        1.3922116804122924,
        1.3823748791217805,
        1.3833306455612182
    ],
    "val_loss": [
        1.347561114174979,
        1.3469759464263915,
        1.3469875505992344
    ],
    "val_acc": [
        0.0,
        0.0,
        0.0
    ],
    "step": [
        100,
        200,
        300
    ],
    "best_eval_acc": 0
}